idf,word
11.4931228377,为盈
11.1074603569,林板
10.7019952488,灵活化
10.2832849139,群为
10.1622582815,横向发展
10.0683621957,贸工
9.99122646684,多能
9.93807899731,三步走
9.85660396664,滚动式
9.84333362972,开局
9.71286719293,自主化
9.57418380539,同步增长
9.37757629135,反哺
9.34845367411,竞争上岗
9.30685127236,多业
9.3002650795,抓手
9.03722775427,激励性
9.01230952148,建制
8.7535486367,支撑体系
8.54097372008,盈利模式
8.52069933075,人事管理
8.2896592918,企划部
8.12177841916,多维
8.08801155669,超常规
8.08119887827,多来
8.04500445127,育才
8.01369434304,强企
7.94423819618,版块
7.91561320438,良性循环
7.76483415122,为集
7.56862889899,抓好
7.53623894622,大区
7.43115968495,利用自身
7.14677417945,行政部
6.8729674535,此基础
6.76703727204,大宗
6.7135874999,框架
6.62672024925,为辅
6.55001090709,竞争能力
6.21425815966,原有
6.09562578219,多元
5.5294426876,全国性
5.47038764768,大力
