idf,word
10.2018935884,午后
10.1545163073,大床
10.0450511169,书吧
9.60783731044,凳子
9.40150087744,书桌
9.14548939966,雪茄
9.04397883476,午休
9.0397540714,开水
8.89845361083,书房
8.68442911079,活动室
8.33737476484,书架
8.30652716161,下午茶
8.23578073198,书柜
8.22826189956,大堂
8.08573550303,泳池
7.68580696663,宾馆酒店
7.4386135565,大厅
7.31903727241,饮水机
7.00834939422,卫生间
