idf,word
10.119159089,隔热性
9.75506754742,汤色
9.62889071963,亮度高
9.23463306455,板面
9.2153529138,柔韧
9.03891125635,耐蚀
8.83739845557,耐腐
8.63036188952,色差
8.54302395145,耐久
8.53230682923,耐碱
8.37309284744,耐候
8.29205163744,耐寒
8.26682365385,缺点
8.03507573179,耐压
7.93107458361,耐酸
7.84859488378,平整
7.7643630087,耐油
7.44869652665,手感
7.33884593473,耐热
6.97817774328,均匀
6.83832250427,色泽
5.98480675944,耐磨
