idf,word
10.1992017967,索契
9.44353425914,澳等
9.10598035665,欧洲地区
9.08194715721,保加利亚
9.02054680034,墨尔本
8.36963562706,沙特阿拉伯
8.36318537894,多国
8.28846526181,原产
8.0037709418,大洲
7.40764096271,缅甸
7.06992132957,比利时
6.8566820088,伦敦
5.81482577345,澳洲
5.7904848085,马来西亚
4.95190894345,大陆
4.86231012106,意大利
3.2714726,世界
