idf,word
9.51550775877,嘉禾路
9.42725337354,青秀区
9.19053774468,城楼
9.01313020269,塘沽区
8.23389571728,和平区
8.16865123071,电子市场
8.01369434304,南开区
8.01007442958,黄浦区
6.46095630738,大街
6.2189675872,大楼
5.11758039788,大道
4.62439378096,大厦
