idf,word
9.35075252569,兖州市
9.2969881787,安丘市
8.09290632907,河间市
6.88932614351,安平县
