idf,word
10.6500355098,斯嘉达
9.39426321014,色系
9.38946703787,千变万化
9.33931075327,迥异
9.26163366636,何种
9.17111965882,趋向
8.91394635892,版型
8.80287726121,色调
8.47749182456,趋于
7.86122880198,更趋
7.81880974406,手法
7.75382056597,多变
7.58011992036,几十种
6.67894779804,独到
6.12061697,色彩
6.02738192229,多样
4.19571305661,多种
