idf,word
9.35305667418,共同利益
8.87172757086,互为
7.85090346503,互赢
7.52394141841,互信
7.39665634533,互相
7.19383863007,互补
7.0107851793,优势互补
6.81892056528,互助
6.74725338233,多方
6.39194211371,互惠
5.74688832519,互利
5.26709005413,协作
5.26341365054,尊重
4.30161230375,务实
