idf,word
7.4286312386,几十家
6.41434034548,几十个
3.30012384197,多个
2.39985619415,多家
