idf,word
11.1622685934,劲胜
9.38588494449,满勤奖
9.31792558266,独生子女
8.98002261691,年资
8.79426508476,路费
8.6082125898,毕业证书
8.59461433838,为期
8.12447565613,行政区
7.920006402,优惠政策
7.60110247954,岗前
7.47303708854,期权
7.01222730058,聚餐
6.86488737875,劳动合同
6.41354696104,雇员
6.09873800238,期间
5.60438067695,公司员工
4.98012548789,岗位
