idf,word
9.01972001237,十数年
7.43352535013,三十年
7.43301795055,三十多年
7.07003894204,几十年
6.50142387955,九年
6.40208291046,近几年
2.94552406766,多年
