idf,word
8.95724974429,更长
8.81492559972,耐用性
8.08314062646,灵活性
8.07829330722,长寿命
7.65683809187,节能降耗
7.41359336124,生产成本
7.30584763276,平稳
6.87780820261,更高
6.74648713139,缺陷
6.56729102109,耐用
5.7051434003,高性能
4.45559567515,高质量
