idf,word
7.69170282387,硕士学位
6.77760459452,多所
6.61762620289,省部级
6.58501981847,建筑设计
6.32833686375,研究生
5.6039190403,院校
5.18784991352,大学
