idf,word
9.58721802323,高交会
9.14174758051,锦标赛
8.07346937119,第七届
7.02204442538,大会
6.94390072562,大赛
6.11358698436,大奖
