idf,word
13.1736566718,酷盘
12.3804260327,开锋
11.7873623107,益盟
11.6072361444,干扰器
11.1764532283,函件
11.1693357606,序列号
11.1552510207,人民邮电出版社
11.1208833772,酷网
11.074670534,爬虫
11.0491914487,群呼
11.036691286,票据打印
10.9307098451,反劫
10.9140889639,超图
10.8658222229,电子广告
10.7336005882,考勤卡
10.7109238795,柯美
10.6542638459,存包柜
10.6087073143,打印服务
10.538365825,加油卡
10.5233842714,多网
10.5049675446,即插即用
10.4551351708,书生
10.4043628454,模拟系统
10.4010679496,声像
10.3847543741,保险网
10.309953161,存储管理
10.2862131737,操作界面
10.2745512339,方正电脑
10.2487987378,抓拍
10.2154623176,开单
10.1752962758,实时性
10.1726750424,抓取
10.1674530984,信息内容
10.1648523167,税控机
10.1366814397,与物
10.1142085839,开锁
10.0044134711,登机
9.96111666537,收费机
9.93807899731,实用工具
9.92573316148,群组
9.91151972423,条码机
9.85469738837,手持机
9.80454760468,杀毒软件
9.77773634723,数据终端
9.76546625464,金融交易
9.69810072281,知识库
9.59306599311,游戏软件
9.55142322116,软件测试
9.53745651367,指南针
9.40513945028,手机号
9.08812273925,磁条卡
9.06797313069,条码卡
8.95105777405,联机
8.94337134112,离线
8.80221214645,电脑设备
8.79228814836,保险箱
8.74096193812,存储设备
8.2305116193,保险柜
8.17006366032,大屏
8.09421565822,中国银联
7.90552725272,开发技术
7.80375330759,人才网
7.7726402228,维保
7.68580696663,门禁系统
7.13716844331,广播电视
