idf,word
12.0405582071,蚂蜂
9.62283009502,问答
9.32350907008,群发
9.27541236872,歌曲
9.06278280762,维度
9.03219418659,位置服务
8.84361609218,课件
8.84153924824,多屏
8.57217749975,计算技术
8.52170334689,地理信息
8.46507523715,手游
8.4083387865,信息处理
8.37309284744,情报
8.13602077588,多点
8.12616513111,企业邮箱
8.04189112372,互通
8.04189112372,数据传输
7.998399398,版本
7.53943113745,终端用户
7.25617864672,后台
7.25391428119,客户端
6.78341600473,互联
6.71292890105,嵌入式
6.62347899967,导航
6.2982071223,方案设计
6.17895142121,协同
5.9879905883,数字化
5.52803246325,互动
4.96154517492,服务商
4.82680237998,终端
4.77139007324,一站式
3.3092300557,平台
3.06196396062,用户
