idf,word
10.0995024365,避暑胜地
10.0110727632,宜居城市
9.79015886723,台湾海峡
9.73627963355,旖旎
9.50337005075,大佛
9.32799841544,渔港
9.24908120029,黄浦江
9.2285043426,群山
9.17497322814,之首
9.03219418659,南连
9.01806848433,地质公园
8.99120484206,名胜
8.97605907625,千岛湖
8.72791422273,遗址
8.61095457123,金质奖
8.31834233267,山脚下
8.08898859634,旅游胜地
7.45576369388,平原
6.20154380909,产业基地
