idf,word
6.27834693939,平等
5.3294778508,开放
