idf,word
8.59948843414,赞同
8.53739589873,称誉
8.3679114887,称道
8.36533084211,反响
7.91096648289,赞扬
7.66341636493,赞许
7.65451422899,嘉奖
7.48507689404,称赞
7.26886862952,充分肯定
6.85232057209,赞赏
5.02804598436,知名度
4.9354814405,赞誉
