idf,word
8.16935719614,研究会
4.46859592758,协会
