idf,word
10.0970723016,交流经验
9.99122646684,多提
9.85660396664,夥伴
9.74819466813,多谢
9.55848041347,友好关系
9.46652377737,协手
9.12599922354,广结
9.03135771645,商洽
8.90285567223,大船
8.57960065154,密切联系
8.55437598254,友情
8.20934091218,广交朋友
7.84680299798,您好
7.8417009461,协力
7.82080128069,友人
7.67972924009,多多
7.66171459894,业务联系
6.99844614427,大业
6.55106033524,莅临指导
