idf,word
10.2347732625,版式
9.18467262523,书本
9.0863543922,精美画册
8.469355862,书法
8.32615969402,手板
8.1630213777,手绘
7.93358189792,设计印刷
7.91945619566,广告创意
7.75312167252,书画
7.64778444544,纸质
7.59095212869,书籍
7.56457053029,促销品
7.48240856549,期刊
7.33638666512,动画
7.29048090012,书刊
7.10962669502,版权
6.57586495187,创作
