idf,word
5.18481012575,研究院
5.03410865028,研究所
