idf,word
7.54074853672,筹划
6.87955662462,开办
6.69014701917,筹备
6.18480660719,筹建
5.2859343535,建有
5.21213967031,搭建
4.59341949656,开展
2.14048580153,建立
