idf,word
9.8265265114,酒泉市
9.82098633102,绥化市
9.66447065207,白城市
9.60042437805,大石桥市
9.48741226532,阜新市
9.46781660237,襄樊市
9.24183103907,黄冈市
9.20535283047,辽阳市
9.17593894526,邵东县
9.15679960505,钦州市
9.07931210957,龙海市
8.96817881483,亳州市
8.86462526827,抚顺市
8.33612241652,萍乡市
8.33112864834,十堰市
7.9774886081,赣州市
7.45559072838,昆明市
6.35525042822,沈阳市
