idf,word
10.7568034852,焊业
10.0683621957,钒铁
9.7095668599,镍铁
9.30685127236,高压阀门
9.26585308191,金属粉末
9.15112851234,耐材
9.10328129968,石墨制品
8.63597672741,建筑设备
8.45798133178,瓦房店
8.40923604991,废旧物资
8.33195921318,焊割
8.12380066454,焊材
8.11976025501,物资贸易
7.89715448268,铁合金
7.87481312791,胶粘制品
7.65324893991,焊丝
7.45093193297,焊条
7.34595021171,钢铁贸易
7.1090150368,硬质合金
7.03105349533,矿产品
6.62077345164,科贸
3.40642602724,贸易
