idf,word
8.8182982842,奉化
8.71625407221,福鼎市
8.12177841916,平阳县
8.06293791914,镇海
7.9211077237,嵊州市
7.87481312791,上虞
7.55116036765,嘉善
7.35638888249,吴江市
7.22096030867,江阴市
6.95726069889,慈溪市
6.43687703233,嘉兴
