idf,word
9.03722775427,人才需求
8.3478724468,医药保健
7.87455014303,在实践中
7.37568106843,务求
7.27809458511,迅捷
7.23417817975,维持
6.92959197359,专业队伍
6.60041764887,反应
6.38765281844,后期
6.19294445879,客户群
5.88577208655,全过程
5.61286374134,协助
5.53151125372,群体
5.37606271517,管理制度
4.77988077978,进一步
4.66073575144,手段
4.33910508576,迅速
3.82874860224,模式
3.77073613938,自己
3.76652536972,快速
2.84823855938,完善
