idf,word
10.3342704686,称雄
9.55989784815,称于
9.21938111663,羸得
8.89772181423,名扬
8.43331170744,问鼎
7.00658163329,领航者
6.96686854347,称为
6.7783072118,独树一帜
6.58799331307,极高
6.09500449878,占据
6.06098612977,享誉
