idf,word
6.31896911375,多位
5.85917392392,大批
4.71071960838,多名
4.41309633775,大量
4.01849524994,多项
