idf,word
8.34198017386,随时欢迎
7.07074490748,期盼
6.89424692896,离不开
6.50790590966,感谢
5.62324450503,给予
4.27991780001,期待
