idf,word
8.29005761883,开盘
8.06452648182,动工
7.94142287901,完工
7.78074708646,顺利完成
6.91146214091,开工
4.41673402819,开始
4.18019007364,完成
