idf,word
8.193299737,股指
7.73169474979,艾默生
7.03456644585,详情
6.77418638706,登录
6.74393719375,反馈
6.18670114517,查询
6.15064786946,登陆
5.43604038893,查看
