idf,word
8.59948843414,为基
8.47989740667,为源
7.64464538249,为根
7.32509055966,为首
6.65972401216,创一流
5.59019489429,为先
5.23509846573,奉行
4.94759007488,为本
