idf,word
6.66042656088,会计师
6.35992292959,事务所
