idf,word
9.76025338445,仪及
9.55706498506,检测工具
9.51009502566,称量
9.30135977036,电导率
9.06797313069,测试台
8.22117099469,玻璃仪器
8.07507476566,色谱
7.75335458273,仪等
7.75288881654,光谱仪
7.50323143237,称重
7.39551562982,化学试剂
7.00525786034,分析仪器
6.90266823993,检测仪
6.7785708206,测试仪
6.46814642631,仪器设备
4.6639652325,仪器
