idf,word
9.45880173127,迈开
8.35379964451,登上
8.08671032033,迈上
7.68973367325,迈入
7.02845506422,迈出
6.46377483465,开启
5.86356397786,迈进
5.1131498633,开创
